0,  CAP loaded  
1,  CAP loaded  
2,  CAP loaded  
3,  CAP loaded  
4,  CAP loaded  
5,  CAP loaded  
6,  CAP loaded  
7,  CAP loaded  
8,  CAP loaded  
9,  CAP loaded  
10,  CAP loaded  
11,  CAP loaded  
12,  CAP loaded  
13,  CAP loaded  
14,  CAP loaded  
15,  CAP loaded  
16,  CAP loaded  
17,  CAP loaded  
18,  LOAD failed: 0x6F00 
19,  LOAD failed: 0x6F00 
20,  LOAD failed: 0x6F00 
21,  LOAD failed: 0x6F00 
22,  LOAD failed: 0x6F00 
23,  LOAD failed: 0x6F00 
24,  LOAD failed: 0x6F00 
25,  LOAD failed: 0x6F00 
26,  LOAD failed: 0x6F00 
27,  LOAD failed: 0x6F00 
28,  LOAD failed: 0x6F00 
29,  LOAD failed: 0x6F00 
30,  LOAD failed: 0x6F00 
31,  LOAD failed: 0x6F00 
32,  LOAD failed: 0x6F00 
33,  LOAD failed: 0x6F00 
34,  LOAD failed: 0x6F00 
35,  LOAD failed: 0x6F00 
36,  LOAD failed: 0x6F00 
37,  LOAD failed: 0x6F00 
38,  LOAD failed: 0x6F00 
39,  LOAD failed: 0x6F00 
40,  LOAD failed: 0x6F00 
41,  LOAD failed: 0x6F00 
42,  LOAD failed: 0x6F00 
43,  LOAD failed: 0x6F00 
44,  LOAD failed: 0x6F00 
45,  LOAD failed: 0x6F00 
46,  LOAD failed: 0x6F00 
47,  LOAD failed: 0x6F00 
48,  LOAD failed: 0x6F00 
49,  LOAD failed: 0x6F00 
50,  LOAD failed: 0x6F00 
51,  LOAD failed: 0x6F00 
52,  LOAD failed: 0x6F00 
53,  LOAD failed: 0x6F00 
54,  LOAD failed: 0x6F00 
55,  LOAD failed: 0x6F00 
56,  LOAD failed: 0x6F00 
57,  LOAD failed: 0x6F00 
58,  LOAD failed: 0x6F00 
59,  LOAD failed: 0x6F00 
60,  LOAD failed: 0x6F00 
61,  LOAD failed: 0x6F00 
62,  LOAD failed: 0x6F00 
63,  LOAD failed: 0x6F00 
64,  LOAD failed: 0x6F00 
65,  LOAD failed: 0x6F00 
66,  LOAD failed: 0x6F00 
67,  LOAD failed: 0x6F00 
68,  LOAD failed: 0x6F00 
69,  LOAD failed: 0x6F00 
70,  LOAD failed: 0x6F00 
71,  LOAD failed: 0x6F00 
72,  LOAD failed: 0x6F00 
73,  LOAD failed: 0x6F00 
74,  LOAD failed: 0x6F00 
75,  LOAD failed: 0x6F00 
76,  LOAD failed: 0x6F00 
77,  LOAD failed: 0x6F00 
78,  LOAD failed: 0x6F00 
79,  LOAD failed: 0x6F00 
80,  LOAD failed: 0x6F00 
81,  LOAD failed: 0x6F00 
82,  LOAD failed: 0x6F00 
83,  LOAD failed: 0x6F00 
84,  LOAD failed: 0x6F00 
85,  LOAD failed: 0x6F00 
86,  LOAD failed: 0x6F00 
87,  LOAD failed: 0x6F00 
88,  LOAD failed: 0x6F00 
89,  LOAD failed: 0x6F00 
90,  LOAD failed: 0x6F00 
91,  LOAD failed: 0x6F00 
92,  LOAD failed: 0x6F00 
93,  LOAD failed: 0x6F00 
94,  LOAD failed: 0x6F00 
95,  LOAD failed: 0x6F00 
96,  LOAD failed: 0x6F00 
97,  LOAD failed: 0x6F00 
98,  LOAD failed: 0x6F00 
99,  LOAD failed: 0x6F00 
100,  LOAD failed: 0x6F00 
101,  LOAD failed: 0x6F00 
102,  LOAD failed: 0x6F00 
103,  LOAD failed: 0x6F00 
104,  LOAD failed: 0x6F00 
105,  LOAD failed: 0x6F00 
106,  LOAD failed: 0x6F00 
107,  LOAD failed: 0x6F00 
108,  LOAD failed: 0x6F00 
109,  LOAD failed: 0x6F00 
110,  LOAD failed: 0x6F00 
111,  LOAD failed: 0x6F00 
112,  LOAD failed: 0x6F00 
113,  LOAD failed: 0x6F00 
114,  LOAD failed: 0x6F00 
115,  LOAD failed: 0x6F00 
116,  LOAD failed: 0x6F00 
117,  LOAD failed: 0x6F00 
118,  LOAD failed: 0x6F00 
119,  LOAD failed: 0x6F00 
120,  LOAD failed: 0x6F00 
121,  LOAD failed: 0x6F00 
122,  LOAD failed: 0x6F00 
123,  LOAD failed: 0x6F00 
124,  LOAD failed: 0x6F00 
125,  LOAD failed: 0x6F00 
126,  LOAD failed: 0x6F00 
127,  LOAD failed: 0x6F00 
